Metric,Threshold,Enforcement Stage,Action if Failed,Current Status
Pass Rate (Validated Enhanced Tests),100%,Pre-Rerun,Block rerun,PASS (43/43 tests pass)
Pass Rate (Feature Tests),>80%,Post-Rerun Review,Document and prioritize failures,PASS (737/887 = 83.1%)
Pass Rate (Unit Tests),100%,Pre-Rerun,Block rerun,PASS (17/17)
No Fabricated Metrics,100%,All Phases,Manual review,PASS (all metrics from real execution)
Blocked Tests Documented,100%,Phase B,Halt if undocumented,PASS (20 blocked tests documented with reason)
Traceability Complete,100%,Phase F,Halt review,IN PROGRESS (risk mapping complete)
No Conflict Markers,100%,Final Validation,Halt merge,PENDING (to be checked)
Environment Matrix Complete,100%,Phase C,Document all versions,PASS (Docker environment documented)
Test Execution Logs Captured,100%,Phase B,All logs must be saved,PASS (logs captured in qa/final-improvements/testing/)
Zero Regression in Enhanced Tests,100%,Phase B,Investigate all failures,PASS (43/43 enhanced tests pass)
